{
  "q_table": {
    "len_4_words_4": {
      "improve_length": -0.02254000000000001,
      "improve_style": 0.037537,
      "improve_structure": -0.03,
      "keep_as_is": 0.03929999999999999
    },
    "len_0_words_0": {
      "improve_length": -0.04000000000000001,
      "improve_style": 0.1,
      "improve_structure": 0.0,
      "keep_as_is": 0.0
    },
    "len_4_words_3": {
      "improve_length": 0.0,
      "improve_style": 0.0,
      "improve_structure": 0.0,
      "keep_as_is": 0.0
    }
  },
  "timestamp": "2025-08-05T10:31:17.118600"
}